Observation,TextUrn,Image,Comments
urn:cite:op:2015office3.1,urn:cts:greekLit:tlg0012.tlg001.msA:19.1@ἠ,"urn:cite:hmt:vaimg.VA251VN-0753@0.4406,0.2065,0.063,0.075",
urn:cite:op:2015office3.2,urn:cts:greekLit:tlg0012.tlg001.msA:19.1@ὼ,"urn:cite:hmt:vaimg.VA251VN-0753@0.5025,0.2309,0.0184,0.0152",
urn:cite:op:2015office3.3,urn:cts:greekLit:tlg0012.tlg001.msA:19.1@ς,"urn:cite:hmt:vaimg.VA251VN-0753@0.5205,0.2347,0.0133,0.0105",
urn:cite:op:2015office3.4,urn:cts:greekLit:tlg0012.tlg001.msA:19.1@μ,"urn:cite:hmt:vaimg.VA251VN-0753@0.5356,0.2342,0.0158,0.015",
urn:cite:op:2015office3.5,urn:cts:greekLit:tlg0012.tlg001.msA:19.1@ε,"urn:cite:hmt:vaimg.VA251VN-0753@0.5503,0.2314,0.0125,0.0119",
urn:cite:op:2015office3.6,urn:cts:greekLit:tlg0012.tlg001.msA:19.1@ν,"urn:cite:hmt:vaimg.VA251VN-0753@0.5599,0.2353,0.0122,0.0136",
urn:cite:op:2015office3.7,urn:cts:greekLit:tlg0012.tlg001.msA:19.1@κ,"urn:cite:hmt:vaimg.VA251VN-0753@0.5776,0.2311,0.0169,0.0136",
urn:cite:op:2015office3.8,urn:cts:greekLit:tlg0012.tlg001.msA:19.1@ρ,"urn:cite:hmt:vaimg.VA251VN-0753@0.5942,0.2353,0.0111,0.0136",
urn:cite:op:2015office3.9,urn:cts:greekLit:tlg0012.tlg001.msA:19.1@ο,"urn:cite:hmt:vaimg.VA251VN-0753@0.6038,0.2353,0.0088,0.0086",
urn:cite:op:2015office3.10,urn:cts:greekLit:tlg0012.tlg001.msA:19.1@κ[2],"urn:cite:hmt:vaimg.VA251VN-0753@0.6152,0.2314,0.0136,0.013",
urn:cite:op:2015office3.11,urn:cts:greekLit:tlg0012.tlg001.msA:19.1@ό[2],"urn:cite:hmt:vaimg.VA251VN-0753@0.6299,0.227,0.0107,0.0174",
urn:cite:op:2015office3.12,urn:cts:greekLit:tlg0012.tlg001.msA:19.1@π,"urn:cite:hmt:vaimg.VA251VN-0753@0.6395,0.2339,0.0177,0.0122",
urn:cite:op:2015office3.13,urn:cts:greekLit:tlg0012.tlg001.msA:19.1@ε[2],"urn:cite:hmt:vaimg.VA251VN-0753@0.6557,0.235,0.0074,0.0094",
urn:cite:op:2015office3.14,urn:cts:greekLit:tlg0012.tlg001.msA:19.1@π[2],"urn:cite:hmt:vaimg.VA251VN-0753@0.6645,0.2356,0.0162,0.0097",
urn:cite:op:2015office3.15,urn:cts:greekLit:tlg0012.tlg001.msA:19.1@λ,"urn:cite:hmt:vaimg.VA251VN-0753@0.6769,0.2324,0.0144,0.0136",
urn:cite:op:2015office3.16,urn:cts:greekLit:tlg0012.tlg001.msA:19.1@ο[3],"urn:cite:hmt:vaimg.VA251VN-0753@0.6894,0.2363,0.0092,0.0083",
urn:cite:op:2015office3.17,urn:cts:greekLit:tlg0012.tlg001.msA:19.1@σ[2],"urn:cite:hmt:vaimg.VA251VN-0753@0.699,0.2369,0.0122,0.0083",
urn:cite:op:2015office3.18,urn:cts:greekLit:tlg0012.tlg001.msA:19.1@ἀ,"urn:cite:hmt:vaimg.VA251VN-0753@0.7119,0.2302,0.0136,0.0172",
urn:cite:op:2015office3.19,urn:cts:greekLit:tlg0012.tlg001.msA:19.1@π[3],"urn:cite:hmt:vaimg.VA251VN-0753@0.7259,0.2366,0.014,0.01",
urn:cite:op:2015office3.20,urn:cts:greekLit:tlg0012.tlg001.msA:19.1@ὠ[2],"urn:cite:hmt:vaimg.VA251VN-0753@0.7396,0.2308,0.014,0.0144",
urn:cite:op:2015office3.21,urn:cts:greekLit:tlg0012.tlg001.msA:19.1@κ[3],"urn:cite:hmt:vaimg.VA251VN-0753@0.7561,0.2316,0.0125,0.0144",
urn:cite:op:2015office3.22,urn:cts:greekLit:tlg0012.tlg001.msA:19.1@ε[3],"urn:cite:hmt:vaimg.VA251VN-0753@0.7702,0.2335,0.0096,0.0119",
urn:cite:op:2015office3.23,urn:cts:greekLit:tlg0012.tlg001.msA:19.1@α[2],"urn:cite:hmt:vaimg.VA251VN-0753@0.7794,0.2344,0.0125,0.0114",
urn:cite:op:2015office3.24,urn:cts:greekLit:tlg0012.tlg001.msA:19.1@ν[2],"urn:cite:hmt:vaimg.VA251VN-0753@0.7904,0.2344,0.0111,0.0116",
urn:cite:op:2015office3.25,urn:cts:greekLit:tlg0012.tlg001.msA:19.1@ο[4],"urn:cite:hmt:vaimg.VA251VN-0753@0.8004,0.2358,0.0081,0.0069",
urn:cite:op:2015office3.26,urn:cts:greekLit:tlg0012.tlg001.msA:19.1@ῖ,"urn:cite:hmt:vaimg.VA251VN-0753@0.8055,0.2291,0.0081,0.013",
urn:cite:op:2015office3.27,urn:cts:greekLit:tlg0012.tlg001.msA:19.1@ο[5],"urn:cite:hmt:vaimg.VA251VN-0753@0.8137,0.2355,0.007,0.0069",
urn:cite:op:2015office3.28,urn:cts:greekLit:tlg0012.tlg001.msA:19.1@ῥ[2],"urn:cite:hmt:vaimg.VA251VN-0753@0.8214,0.2275,0.0122,0.0194",
urn:cite:op:2015office3.29,urn:cts:greekLit:tlg0012.tlg001.msA:19.1@ο[6],"urn:cite:hmt:vaimg.VA251VN-0753@0.8321,0.2358,0.007,0.0061",
urn:cite:op:2015office3.30,urn:cts:greekLit:tlg0012.tlg001.msA:19.1@α[3],"urn:cite:hmt:vaimg.VA251VN-0753@0.8395,0.2327,0.0114,0.0094",
urn:cite:op:2015office3.31,urn:cts:greekLit:tlg0012.tlg001.msA:19.1@ω[3],"urn:cite:hmt:vaimg.VA251VN-0753@0.8498,0.2335,0.0129,0.0078",
urn:cite:op:2015office3.32,urn:cts:greekLit:tlg0012.tlg001.msA:19.1@ν[3],"urn:cite:hmt:vaimg.VA251VN-0753@0.8612,0.2324,0.0122,0.0125",
urn:cite:op:2015office3.33,urn:cts:greekLit:tlg5026.msA.hmt:19.2015office3_1@ε,"urn:cite:hmt:vaimg.VA251VN-0753@0.2283,0.2306,0.017,0.0135",
urn:cite:op:2015office3.34,urn:cts:greekLit:tlg5026.msA.hmt:19.2015office3_1@υ,"urn:cite:hmt:vaimg.VA251VN-0753@0.2444,0.2307,0.007,0.0075",
urn:cite:op:2015office3.35,urn:cts:greekLit:tlg5026.msA.hmt:19.2015office3_1@ρ,"urn:cite:hmt:vaimg.VA251VN-0753@0.2516,0.2315,0.0053,0.0098",
urn:cite:op:2015office3.36,urn:cts:greekLit:tlg5026.msA.hmt:19.2015office3_1@ε[2],"urn:cite:hmt:vaimg.VA251VN-0753@0.2593,0.2311,0.0042,0.0067",
urn:cite:op:2015office3.37,urn:cts:greekLit:tlg5026.msA.hmt:19.2015office3_1@δ,"urn:cite:hmt:vaimg.VA251VN-0753@0.2643,0.2302,0.0066,0.0087",
urn:cite:op:2015office3.38,urn:cts:greekLit:tlg5026.msA.hmt:19.2015office3_1@ὲ[3],"urn:cite:hmt:vaimg.VA251VN-0753@0.2702,0.2252,0.0055,0.0129",
urn:cite:op:2015office3.39,urn:cts:greekLit:tlg5026.msA.hmt:19.2015office3_1@π,"urn:cite:hmt:vaimg.VA251VN-0753@0.2765,0.2302,0.0087,0.0085",
urn:cite:op:2015office3.40,urn:cts:greekLit:tlg5026.msA.hmt:19.2015office3_1@α,"urn:cite:hmt:vaimg.VA251VN-0753@0.2837,0.2304,0.0066,0.0064",
urn:cite:op:2015office3.41,urn:cts:greekLit:tlg5026.msA.hmt:19.2015office3_1@τ,"urn:cite:hmt:vaimg.VA251VN-0753@0.287,0.2278,0.0118,0.0109",
urn:cite:op:2015office3.42,urn:cts:greekLit:tlg5026.msA.hmt:19.2015office3_1@ρ[2],"urn:cite:hmt:vaimg.VA251VN-0753@0.2942,0.2324,0.0064,0.0083",
urn:cite:op:2015office3.43,urn:cts:greekLit:tlg5026.msA.hmt:19.2015office3_1@ό,"urn:cite:hmt:vaimg.VA251VN-0753@0.3009,0.2263,0.0061,0.0108",
urn:cite:op:2015office3.44,urn:cts:greekLit:tlg5026.msA.hmt:19.2015office3_1@κ,"urn:cite:hmt:vaimg.VA251VN-0753@0.306,0.2303,0.0077,0.0066",
urn:cite:op:2015office3.45,urn:cts:greekLit:tlg5026.msA.hmt:19.2015office3_1@λῳ,"urn:cite:hmt:vaimg.VA251VN-0753@0.3115,0.2297,0.0135,0.0095", λῳ ligature
urn:cite:op:2015office3.46,urn:cts:greekLit:tlg5026.msA.hmt:19.2015office3_1@πε,"urn:cite:hmt:vaimg.VA251VN-0753@0.3268,0.2268,0.0079,0.0093", abbreviation for περι
urn:cite:op:2015office3.47,urn:cts:greekLit:tlg5026.msA.hmt:19.2015office3_1@κ[2],"urn:cite:hmt:vaimg.VA251VN-0753@0.3348,0.2268,0.0079,0.0095",
urn:cite:op:2015office3.48,urn:cts:greekLit:tlg5026.msA.hmt:19.2015office3_1@ε[5],"urn:cite:hmt:vaimg.VA251VN-0753@0.3427,0.23,0.0044,0.0057",
urn:cite:op:2015office3.49,urn:cts:greekLit:tlg5026.msA.hmt:19.2015office3_1@ι[2],"urn:cite:hmt:vaimg.VA251VN-0753@0.3466,0.231,0.0037,0.0044",
urn:cite:op:2015office3.50,urn:cts:greekLit:tlg5026.msA.hmt:19.2015office3_1@με,"urn:cite:hmt:vaimg.VA251VN-0753@0.3497,0.2245,0.0109,0.0113",abbreviation for μενον
urn:cite:op:2015office3.51,urn:cts:greekLit:tlg5026.msA.hmt:19.2015office3_1@τ[2],"urn:cite:hmt:vaimg.VA251VN-0753@0.3648,0.2315,0.0096,0.0062",
urn:cite:op:2015office3.52,urn:cts:greekLit:tlg5026.msA.hmt:19.2015office3_1@ι[3],"urn:cite:hmt:vaimg.VA251VN-0753@0.3725,0.2311,0.0046,0.0057",
urn:cite:op:2015office3.53,urn:cts:greekLit:tlg5026.msA.hmt:19.2015office3_1@ν,"urn:cite:hmt:vaimg.VA251VN-0753@0.3779,0.2314,0.0064,0.0057",
urn:cite:op:2015office3.54,urn:cts:greekLit:tlg5026.msA.hmt:19.2015office3_1@ὲσ,"urn:cite:hmt:vaimg.VA251VN-0753@0.383,0.2241,0.0111,0.0118", ὲσ ligature
urn:cite:op:2015office3.55,urn:cts:greekLit:tlg5026.msA.hmt:19.2015office3_1@ἀ[2],"urn:cite:hmt:vaimg.VA251VN-0753@0.3969,0.2262,0.0077,0.0093",
urn:cite:op:2015office3.56,urn:cts:greekLit:tlg5026.msA.hmt:19.2015office3_1@ν[2],"urn:cite:hmt:vaimg.VA251VN-0753@0.4042,0.2298,0.0068,0.0077",
urn:cite:op:2015office3.57,urn:cts:greekLit:tlg5026.msA.hmt:19.2015office3_1@έστ,"urn:cite:hmt:vaimg.VA251VN-0753@0.4121,0.2234,0.0118,0.0133", έστ ligature
urn:cite:op:2015office3.58,urn:cts:greekLit:tlg5026.msA.hmt:19.2015office3_1@ρ[3],"urn:cite:hmt:vaimg.VA251VN-0753@0.4237,0.2306,0.0041,0.0069",
urn:cite:op:2015office3.59,urn:cts:greekLit:tlg5026.msA.hmt:19.2015office3_1@ε[9],"urn:cite:hmt:vaimg.VA251VN-0753@0.4283,0.2298,0.0039,0.0057",
urn:cite:op:2015office3.60,urn:cts:greekLit:tlg5026.msA.hmt:19.2015office3_1@ψ,"urn:cite:hmt:vaimg.VA251VN-0753@0.2456,0.239,0.0112,0.0109",
urn:cite:op:2015office3.61,urn:cts:greekLit:tlg5026.msA.hmt:19.2015office3_1@α[3],"urn:cite:hmt:vaimg.VA251VN-0753@0.2554,0.2421,0.0063,0.0066",
urn:cite:op:2015office3.62,urn:cts:greekLit:tlg5026.msA.hmt:19.2015office3_1@ν[3],"urn:cite:hmt:vaimg.VA251VN-0753@0.2607,0.2435,0.0052,0.0055",
urn:cite:op:2015office3.63,urn:cts:greekLit:tlg5026.msA.hmt:19.2015office3_1@τὴν,"urn:cite:hmt:vaimg.VA251VN-0753@0.2652,0.2399,0.0079,0.0086", ending form
urn:cite:op:2015office3.64,urn:cts:greekLit:tlg5026.msA.hmt:19.2015office3_1@π[3],"urn:cite:hmt:vaimg.VA251VN-0753@0.2725,0.244,0.0076,0.0046",
urn:cite:op:2015office3.65,urn:cts:greekLit:tlg5026.msA.hmt:19.2015office3_1@ε[10],"urn:cite:hmt:vaimg.VA251VN-0753@0.2782,0.2423,0.0057,0.0051",
urn:cite:op:2015office3.66,urn:cts:greekLit:tlg5026.msA.hmt:19.2015office3_1@ρ[4],"urn:cite:hmt:vaimg.VA251VN-0753@0.2832,0.2423,0.0046,0.0059",
urn:cite:op:2015office3.67,urn:cts:greekLit:tlg5026.msA.hmt:19.2015office3_1@ι[4],"urn:cite:hmt:vaimg.VA251VN-0753@0.2865,0.2423,0.0057,0.005",
urn:cite:op:2015office3.68,urn:cts:greekLit:tlg5026.msA.hmt:19.2015office3_1@ἱ[5],"urn:cite:hmt:vaimg.VA251VN-0753@0.2935,0.241,0.0066,0.0077",
urn:cite:op:2015office3.69,urn:cts:greekLit:tlg5026.msA.hmt:19.2015office3_1@ν[5],"urn:cite:hmt:vaimg.VA251VN-0753@0.3003,0.2425,0.0066,0.0051",
urn:cite:op:2015office3.70,urn:cts:greekLit:tlg5026.msA.hmt:19.2015office3_1@ἦ[2],"urn:cite:hmt:vaimg.VA251VN-0753@0.3066,0.239,0.007,0.008",
urn:cite:op:2015office3.71,urn:cts:greekLit:tlg5026.msA.hmt:19.2015office3_1@ι[6],"urn:cite:hmt:vaimg.VA251VN-0753@0.3127,0.2429,0.0033,0.0035",
urn:cite:op:2015office3.72,urn:cts:greekLit:tlg5026.msA.hmt:19.2015office3_1@πε[2],"urn:cite:hmt:vaimg.VA251VN-0753@0.3187,0.2369,0.0114,0.0104", abbreviation for περι
urn:cite:op:2015office3.73,urn:cts:greekLit:tlg0012.tlg001.msA:19.126@α,"urn:cite:hmt:vaimg.VA254RN-0425@0.2225,0.2219,0.0114,0.0114",
urn:cite:op:2015office3.74,urn:cts:greekLit:tlg0012.tlg001.msA:19.126@ὐ,"urn:cite:hmt:vaimg.VA254RN-0425@0.231,0.2188,0.0114,0.0119",
urn:cite:op:2015office3.75,urn:cts:greekLit:tlg0012.tlg001.msA:19.126@τ,"urn:cite:hmt:vaimg.VA254RN-0425@0.242,0.2222,0.0107,0.0094",
urn:cite:op:2015office3.76,urn:cts:greekLit:tlg0012.tlg001.msA:19.126@ί,"urn:cite:hmt:vaimg.VA254RN-0425@0.2516,0.2158,0.0081,0.0158",
urn:cite:op:2015office3.77,urn:cts:greekLit:tlg0012.tlg001.msA:19.126@κ,"urn:cite:hmt:vaimg.VA254RN-0425@0.2579,0.2213,0.0147,0.0111",
urn:cite:op:2015office3.78,urn:cts:greekLit:tlg0012.tlg001.msA:19.126@α[2],"urn:cite:hmt:vaimg.VA254RN-0425@0.2711,0.2211,0.0129,0.0097",
urn:cite:op:2015office3.79,urn:cts:greekLit:tlg0012.tlg001.msA:19.126@δ,"urn:cite:hmt:vaimg.VA254RN-0425@0.2848,0.2188,0.0136,0.013",
urn:cite:op:2015office3.80,urn:cts:greekLit:tlg0012.tlg001.msA:19.126@ε,"urn:cite:hmt:vaimg.VA254RN-0425@0.3017,0.2202,0.0129,0.0125",
urn:cite:op:2015office3.81,urn:cts:greekLit:tlg0012.tlg001.msA:19.126@ἷ[2],"urn:cite:hmt:vaimg.VA254RN-0425@0.3095,0.2133,0.01,0.0183",
urn:cite:op:2015office3.82,urn:cts:greekLit:tlg0012.tlg001.msA:19.126@λ,"urn:cite:hmt:vaimg.VA254RN-0425@0.3187,0.2208,0.0158,0.0119",
urn:cite:op:2015office3.83,urn:cts:greekLit:tlg0012.tlg001.msA:19.126@ἄ[3],"urn:cite:hmt:vaimg.VA254RN-0425@0.3334,0.2197,0.0177,0.0111",
urn:cite:op:2015office3.84,urn:cts:greekLit:tlg0012.tlg001.msA:19.126@τ[2],"urn:cite:hmt:vaimg.VA254RN-0425@0.3452,0.2238,0.0122,0.008",
urn:cite:op:2015office3.85,urn:cts:greekLit:tlg0012.tlg001.msA:19.126@η,"urn:cite:hmt:vaimg.VA254RN-0425@0.3548,0.2241,0.0092,0.0083",
urn:cite:op:2015office3.86,urn:cts:greekLit:tlg0012.tlg001.msA:19.126@ν,"urn:cite:hmt:vaimg.VA254RN-0425@0.3637,0.2224,0.0096,0.0108",
urn:cite:op:2015office3.87,urn:cts:greekLit:tlg0012.tlg001.msA:19.126@κ[2],"urn:cite:hmt:vaimg.VA254RN-0425@0.3736,0.2235,0.0155,0.0111",
urn:cite:op:2015office3.88,urn:cts:greekLit:tlg0012.tlg001.msA:19.126@ε[2],"urn:cite:hmt:vaimg.VA254RN-0425@0.3884,0.2233,0.007,0.01",
urn:cite:op:2015office3.89,urn:cts:greekLit:tlg0012.tlg001.msA:19.126@φ,"urn:cite:hmt:vaimg.VA254RN-0425@0.3954,0.2205,0.01,0.0166",
urn:cite:op:2015office3.90,urn:cts:greekLit:tlg0012.tlg001.msA:19.126@α[4],"urn:cite:hmt:vaimg.VA254RN-0425@0.4049,0.223,0.0114,0.0114",
urn:cite:op:2015office3.91,urn:cts:greekLit:tlg0012.tlg001.msA:19.126@λ[2],"urn:cite:hmt:vaimg.VA254RN-0425@0.4142,0.2233,0.0107,0.0125",
urn:cite:op:2015office3.92,urn:cts:greekLit:tlg0012.tlg001.msA:19.126@η[2],"urn:cite:hmt:vaimg.VA254RN-0425@0.4234,0.2244,0.01,0.01",
urn:cite:op:2015office3.93,urn:cts:greekLit:tlg0012.tlg001.msA:19.126@ς,"urn:cite:hmt:vaimg.VA254RN-0425@0.4311,0.2244,0.0107,0.0097",
urn:cite:op:2015office3.94,urn:cts:greekLit:tlg0012.tlg001.msA:19.126@λ[3],"urn:cite:hmt:vaimg.VA254RN-0425@0.4444,0.2244,0.01,0.0114",
urn:cite:op:2015office3.95,urn:cts:greekLit:tlg0012.tlg001.msA:19.126@ι[3],"urn:cite:hmt:vaimg.VA254RN-0425@0.4536,0.2244,0.0059,0.0086",
urn:cite:op:2015office3.96,urn:cts:greekLit:tlg0012.tlg001.msA:19.126@π,"urn:cite:hmt:vaimg.VA254RN-0425@0.4588,0.2258,0.0122,0.0102",
urn:cite:op:2015office3.97,urn:cts:greekLit:tlg0012.tlg001.msA:19.126@αρ,"urn:cite:hmt:vaimg.VA254RN-0425@0.4683,0.2194,0.0136,0.0175",
urn:cite:op:2015office3.98,urn:cts:greekLit:tlg0012.tlg001.msA:19.126@ο,"urn:cite:hmt:vaimg.VA254RN-0425@0.4772,0.2271,0.007,0.008",
urn:cite:op:2015office3.99,urn:cts:greekLit:tlg0012.tlg001.msA:19.126@π[2],"urn:cite:hmt:vaimg.VA254RN-0425@0.4827,0.2283,0.0136,0.008",
urn:cite:op:2015office3.100,urn:cts:greekLit:tlg0012.tlg001.msA:19.126@λ[4],"urn:cite:hmt:vaimg.VA254RN-0425@0.4908,0.2271,0.0136,0.008",
urn:cite:op:2015office3.101,urn:cts:greekLit:tlg0012.tlg001.msA:19.126@ο[2],"urn:cite:hmt:vaimg.VA254RN-0425@0.5004,0.2271,0.0077,0.0078",
urn:cite:op:2015office3.102,urn:cts:greekLit:tlg0012.tlg001.msA:19.126@κ[3],"urn:cite:hmt:vaimg.VA254RN-0425@0.5052,0.2263,0.0155,0.0105",
urn:cite:op:2015office3.103,urn:cts:greekLit:tlg0012.tlg001.msA:19.126@ά[6],"urn:cite:hmt:vaimg.VA254RN-0425@0.5144,0.2244,0.0158,0.0111",
urn:cite:op:2015office3.104,urn:cts:greekLit:tlg0012.tlg001.msA:19.126@μ,"urn:cite:hmt:vaimg.VA254RN-0425@0.5258,0.2277,0.0155,0.0111",
urn:cite:op:2015office3.105,urn:cts:greekLit:tlg0012.tlg001.msA:19.126@ο[3],"urn:cite:hmt:vaimg.VA254RN-0425@0.5391,0.2271,0.0077,0.0078",
urn:cite:op:2015office3.106,urn:cts:greekLit:tlg0012.tlg001.msA:19.126@ι[4],"urn:cite:hmt:vaimg.VA254RN-0425@0.5439,0.2258,0.0077,0.0108",
urn:cite:op:2015office3.107,urn:cts:greekLit:tlg0012.tlg001.msA:19.126@ο[4],"urn:cite:hmt:vaimg.VA254RN-0425@0.5513,0.2277,0.0077,0.0089",
urn:cite:op:2015office4.1,urn:cts:greekLit:tlg0012.tlg001.msA:19.26@ἐ,"urn:cite:hmt:vaimg.VA252RN-0423@0.198,0.2044,0.018,0.021",
urn:cite:op:2015office4.2,urn:cts:greekLit:tlg0012.tlg001.msA:19.26@υ,"urn:cite:hmt:vaimg.VA252RN-0423@0.2136,0.2121,0.0129,0.0105",
urn:cite:op:2015office4.3,urn:cts:greekLit:tlg0012.tlg001.msA:19.26@λ,"urn:cite:hmt:vaimg.VA252RN-0423@0.2254,0.2091,0.017,0.015",
urn:cite:op:2015office4.4,urn:cts:greekLit:tlg0012.tlg001.msA:19.26@α,"urn:cite:hmt:vaimg.VA252RN-0423@0.2394,0.2105,0.017,0.0125",
urn:cite:op:2015office4.5,urn:cts:greekLit:tlg0012.tlg001.msA:19.26@σ,"urn:cite:hmt:vaimg.VA252RN-0423@0.2538,0.2132,0.0155,0.0083",
urn:cite:op:2015office4.6,urn:cts:greekLit:tlg0012.tlg001.msA:19.26@ἐγ,"urn:cite:hmt:vaimg.VA252RN-0423@0.27,0.2016,0.0195,0.0249",
urn:cite:op:2015office4.7,urn:cts:greekLit:tlg0012.tlg001.msA:19.26@γ[2],"urn:cite:hmt:vaimg.VA252RN-0423@0.284,0.2096,0.0151,0.0197",
urn:cite:op:2015office4.8,urn:cts:greekLit:tlg0012.tlg001.msA:19.26@ε[3],"urn:cite:hmt:vaimg.VA252RN-0423@0.2928,0.2088,0.0151,0.0158",
urn:cite:op:2015office4.9,urn:cts:greekLit:tlg0012.tlg001.msA:19.26@ί,"urn:cite:hmt:vaimg.VA252RN-0423@0.3043,0.2069,0.0151,0.0158",
urn:cite:op:2015office4.10,urn:cts:greekLit:tlg0012.tlg001.msA:19.26@ν,"urn:cite:hmt:vaimg.VA252RN-0423@0.3124,0.2102,0.0151,0.0158",
urn:cite:op:2015office4.11,urn:cts:greekLit:tlg0012.tlg001.msA:19.26@ω,"urn:cite:hmt:vaimg.VA252RN-0423@0.3253,0.2107,0.0151,0.0158",
urn:cite:op:2015office4.12,urn:cts:greekLit:tlg0012.tlg001.msA:19.26@ν[2],"urn:cite:hmt:vaimg.VA252RN-0423@0.3382,0.2118,0.0151,0.0158",
urn:cite:op:2015office4.13,urn:cts:greekLit:tlg0012.tlg001.msA:19.26@τ,"urn:cite:hmt:vaimg.VA252RN-0423@0.3478,0.2121,0.0151,0.0158",
urn:cite:op:2015office4.14,urn:cts:greekLit:tlg0012.tlg001.msA:19.26@α[2],"urn:cite:hmt:vaimg.VA252RN-0423@0.3585,0.2121,0.0151,0.0158",
urn:cite:op:2015office4.15,urn:cts:greekLit:tlg0012.tlg001.msA:19.26@ι[2],"urn:cite:hmt:vaimg.VA252RN-0423@0.3684,0.2132,0.0125,0.0158",
urn:cite:op:2015office4.16,urn:cts:greekLit:tlg0012.tlg001.msA:19.26@ἀ[3],"urn:cite:hmt:vaimg.VA252RN-0423@0.3861,0.2094,0.0155,0.0208",
urn:cite:op:2015office4.17,urn:cts:greekLit:tlg0012.tlg001.msA:19.26@ει,"urn:cite:hmt:vaimg.VA252RN-0423@0.3983,0.2099,0.0173,0.0235",
urn:cite:op:2015office4.18,urn:cts:greekLit:tlg0012.tlg001.msA:19.26@κ,"urn:cite:hmt:vaimg.VA252RN-0423@0.4115,0.2155,0.0159,0.013",
urn:cite:op:2015office4.19,urn:cts:greekLit:tlg0012.tlg001.msA:19.26@ί[4],"urn:cite:hmt:vaimg.VA252RN-0423@0.4263,0.2094,0.0159,0.0197",
urn:cite:op:2015office4.20,urn:cts:greekLit:tlg0012.tlg001.msA:19.26@σσ,"urn:cite:hmt:vaimg.VA252RN-0423@0.4348,0.2185,0.0199,0.0108",
urn:cite:op:2015office4.21,urn:cts:greekLit:tlg0012.tlg001.msA:19.26@ω[2],"urn:cite:hmt:vaimg.VA252RN-0423@0.4506,0.2188,0.0136,0.0108",
urn:cite:op:2015office4.22,urn:cts:greekLit:tlg0012.tlg001.msA:19.26@σ[4],"urn:cite:hmt:vaimg.VA252RN-0423@0.461,0.2188,0.0133,0.0108",
urn:cite:op:2015office4.23,urn:cts:greekLit:tlg0012.tlg001.msA:19.26@ι[5],"urn:cite:hmt:vaimg.VA252RN-0423@0.4728,0.2174,0.0081,0.0136",
urn:cite:op:2015office4.24,urn:cts:greekLit:tlg0012.tlg001.msA:19.26@δ,"urn:cite:hmt:vaimg.VA252RN-0423@0.4775,0.2124,0.017,0.0194",
urn:cite:op:2015office4.25,urn:cts:greekLit:tlg0012.tlg001.msA:19.26@ὲ[5],"urn:cite:hmt:vaimg.VA252RN-0423@0.4934,0.2124,0.0122,0.0194",
urn:cite:op:2015office4.26,urn:cts:greekLit:tlg0012.tlg001.msA:19.26@ν[3],"urn:cite:hmt:vaimg.VA252RN-0423@0.5037,0.2127,0.0122,0.0194",
urn:cite:op:2015office4.27,urn:cts:greekLit:tlg0012.tlg001.msA:19.26@ε[6],"urn:cite:hmt:vaimg.VA252RN-0423@0.5159,0.213,0.0122,0.0194",
urn:cite:op:2015office4.28,urn:cts:greekLit:tlg0012.tlg001.msA:19.26@κ[2],"urn:cite:hmt:vaimg.VA252RN-0423@0.5258,0.2124,0.0122,0.0194",
urn:cite:op:2015office4.29,urn:cts:greekLit:tlg0012.tlg001.msA:19.26@ρ,"urn:cite:hmt:vaimg.VA252RN-0423@0.5354,0.2152,0.0111,0.0194",
urn:cite:op:2015office4.30,urn:cts:greekLit:tlg0012.tlg001.msA:19.26@ο,"urn:cite:hmt:vaimg.VA252RN-0423@0.5432,0.2149,0.0092,0.0194",
urn:cite:op:2015office4.31,urn:cts:greekLit:tlg0012.tlg001.msA:19.26@ν[4],"urn:cite:hmt:vaimg.VA252RN-0423@0.5509,0.2174,0.0092,0.0175",
urn:cite:op:2015office4.1000,urn:cts:greekLit:tlg5026.msA.hmt:19.A1@ε,"urn:cite:hmt:vaimg.VA252RN-0423@0.6171,0.2167,0.0052,0.0075",
urn:cite:op:2015office4.1001,urn:cts:greekLit:tlg5026.msA.hmt:19.A1@ὑ,"urn:cite:hmt:vaimg.VA252RN-0423@0.623,0.2131,0.0052,0.0113",
urn:cite:op:2015office4.1002,urn:cts:greekLit:tlg5026.msA.hmt:19.A1@λ,"urn:cite:hmt:vaimg.VA252RN-0423@0.6307,0.2134,0.0077,0.0113",
urn:cite:op:2015office4.1003,urn:cts:greekLit:tlg5026.msA.hmt:19.A1@ά,"urn:cite:hmt:vaimg.VA252RN-0423@0.6386,0.2121,0.0085,0.0113",
urn:cite:op:2015office4.1004,urn:cts:greekLit:tlg5026.msA.hmt:19.A1@σ,"urn:cite:hmt:vaimg.VA252RN-0423@0.6445,0.2129,0.0064,0.0113",
urn:cite:op:2015office4.1005,urn:cts:greekLit:tlg5026.msA.hmt:19.A1@ἑ[2],"urn:cite:hmt:vaimg.VA252RN-0423@0.6535,0.2146,0.0064,0.0113",
urn:cite:op:2015office4.1006,urn:cts:greekLit:tlg5026.msA.hmt:19.A1@γ,"urn:cite:hmt:vaimg.VA252RN-0423@0.6613,0.2156,0.0064,0.0113",
urn:cite:op:2015office4.1007,urn:cts:greekLit:tlg5026.msA.hmt:19.A1@γ[2],"urn:cite:hmt:vaimg.VA252RN-0423@0.6679,0.2156,0.0061,0.0113",
urn:cite:op:2015office4.1008,urn:cts:greekLit:tlg5026.msA.hmt:19.A1@ε[3],"urn:cite:hmt:vaimg.VA252RN-0423@0.6725,0.2161,0.0052,0.0113",
urn:cite:op:2015office4.1009,urn:cts:greekLit:tlg5026.msA.hmt:19.A1@ί,"urn:cite:hmt:vaimg.VA252RN-0423@0.6771,0.2139,0.0066,0.0127",
urn:cite:op:2015office4.1010,urn:cts:greekLit:tlg5026.msA.hmt:19.A1@ν,"urn:cite:hmt:vaimg.VA252RN-0423@0.686,0.2179,0.0066,0.01",
urn:cite:op:2015office4.1011,urn:cts:greekLit:tlg5026.msA.hmt:19.A1@ω,"urn:cite:hmt:vaimg.VA252RN-0423@0.6926,0.2174,0.0074,0.01",
urn:cite:op:2015office4.1012,urn:cts:greekLit:tlg5026.msA.hmt:19.A1@ν[2],"urn:cite:hmt:vaimg.VA252RN-0423@0.6996,0.2175,0.0074,0.01",
urn:cite:op:2015office4.1013,urn:cts:greekLit:tlg5026.msA.hmt:19.A1@τ,"urn:cite:hmt:vaimg.VA252RN-0423@0.7057,0.2175,0.0066,0.01",
urn:cite:op:2015office4.1014,urn:cts:greekLit:tlg5026.msA.hmt:19.A1@α[2],"urn:cite:hmt:vaimg.VA252RN-0423@0.7095,0.2164,0.0083,0.01",
urn:cite:op:2015office4.1015,urn:cts:greekLit:tlg5026.msA.hmt:19.A1@ι[2],"urn:cite:hmt:vaimg.VA252RN-0423@0.7162,0.2179,0.0053,0.01",
urn:cite:op:2015office4.1016,urn:cts:greekLit:tlg5026.msA.hmt:19.A1@ἑυλ,"urn:cite:hmt:vaimg.VA252RN-0423@0.7276,0.2164,0.0153,0.0115",
urn:cite:op:2015office4.1017,urn:cts:greekLit:tlg5026.msA.hmt:19.A1@α[3],"urn:cite:hmt:vaimg.VA252RN-0423@0.7425,0.2165,0.0061,0.0115",
urn:cite:op:2015office4.1018,urn:cts:greekLit:tlg5026.msA.hmt:19.A1@σ[2],"urn:cite:hmt:vaimg.VA252RN-0423@0.7484,0.2165,0.0061,0.0115",
urn:cite:op:2015office4.1019,urn:cts:greekLit:tlg5026.msA.hmt:19.A1@ὡ[2],"urn:cite:hmt:vaimg.VA252RN-0423@0.7561,0.2161,0.0064,0.0115",
urn:cite:op:2015office4.1020,urn:cts:greekLit:tlg5026.msA.hmt:19.A1@σ[3],"urn:cite:hmt:vaimg.VA252RN-0423@0.7643,0.2171,0.007,0.0115",
urn:cite:op:2015office4.1021,urn:cts:greekLit:tlg5026.msA.hmt:19.A1@α[4],"urn:cite:hmt:vaimg.VA252RN-0423@0.7709,0.2185,0.0061,0.0079",
urn:cite:op:2015office4.1022,urn:cts:greekLit:tlg5026.msA.hmt:19.A1@υ[3],"urn:cite:hmt:vaimg.VA252RN-0423@0.7757,0.2181,0.0053,0.0068",
urn:cite:op:2015office4.1023,urn:cts:greekLit:tlg5026.msA.hmt:19.A1@λ[3],"urn:cite:hmt:vaimg.VA252RN-0423@0.7777,0.2186,0.0085,0.0102",
urn:cite:op:2015office4.1024,urn:cts:greekLit:tlg5026.msA.hmt:19.A1@α[5],"urn:cite:hmt:vaimg.VA252RN-0423@0.7834,0.2181,0.0077,0.0102",
urn:cite:op:2015office4.1025,urn:cts:greekLit:tlg5026.msA.hmt:19.A1@σ[4],"urn:cite:hmt:vaimg.VA252RN-0423@0.7891,0.2192,0.0064,0.0079",
urn:cite:op:2015office4.1026,urn:cts:greekLit:tlg5026.msA.hmt:19.A1@ε[5],"urn:cite:hmt:vaimg.VA252RN-0423@0.6215,0.2279,0.0074,0.0093",
urn:cite:op:2015office4.1027,urn:cts:greekLit:tlg5026.msA.hmt:19.A1@υ[4],"urn:cite:hmt:vaimg.VA252RN-0423@0.6274,0.2273,0.0072,0.0093",
urn:cite:op:2015office4.1028,urn:cts:greekLit:tlg5026.msA.hmt:19.A1@λ[4],"urn:cite:hmt:vaimg.VA252RN-0423@0.6312,0.2277,0.0077,0.0093",
urn:cite:op:2015office4.1029,urn:cts:greekLit:tlg5026.msA.hmt:19.A1@ή,"urn:cite:hmt:vaimg.VA252RN-0423@0.6373,0.2265,0.0087,0.0093",
urn:cite:op:2015office4.1030,urn:cts:greekLit:tlg5026.msA.hmt:19.A1@γ[3],"urn:cite:hmt:vaimg.VA252RN-0423@0.6441,0.23,0.0087,0.0093",
urn:cite:op:2015office4.1031,urn:cts:greekLit:tlg5026.msA.hmt:19.A1@α[6],"urn:cite:hmt:vaimg.VA252RN-0423@0.6506,0.229,0.0077,0.0093",
urn:cite:op:2015office4.1032,urn:cts:greekLit:tlg5026.msA.hmt:19.A1@ρ,"urn:cite:hmt:vaimg.VA252RN-0423@0.6572,0.2309,0.0077,0.0068",
urn:cite:op:2015office4.1033,urn:cts:greekLit:tlg5026.msA.hmt:19.A1@ὡ[3],"urn:cite:hmt:vaimg.VA252RN-0423@0.6642,0.2286,0.0081,0.0083",
urn:cite:op:2015office4.1034,urn:cts:greekLit:tlg5026.msA.hmt:19.A1@σ[5],"urn:cite:hmt:vaimg.VA252RN-0423@0.6714,0.2295,0.0079,0.0083",
urn:cite:op:2015office4.1035,urn:cts:greekLit:tlg5026.msA.hmt:19.A1@α[7],"urn:cite:hmt:vaimg.VA252RN-0423@0.6779,0.2298,0.0068,0.0083",
urn:cite:op:2015office4.1036,urn:cts:greekLit:tlg5026.msA.hmt:19.A1@ὐ[5],"urn:cite:hmt:vaimg.VA252RN-0423@0.6837,0.2291,0.0057,0.0079",
urn:cite:op:2015office4.1037,urn:cts:greekLit:tlg5026.msA.hmt:19.A1@λ[5],"urn:cite:hmt:vaimg.VA252RN-0423@0.6871,0.2313,0.0079,0.0083",
urn:cite:op:2015office4.1038,urn:cts:greekLit:tlg5026.msA.hmt:19.A1@ή[2],"urn:cite:hmt:vaimg.VA252RN-0423@0.6941,0.2286,0.0109,0.0091",
urn:cite:op:2015office4.1039,urn:cts:greekLit:tlg5026.msA.hmt:19.A1@τ[2],"urn:cite:hmt:vaimg.VA252RN-0423@0.7068,0.2309,0.0109,0.0091",
urn:cite:op:2015office4.1040,urn:cts:greekLit:tlg5026.msA.hmt:19.A1@ὰ[8],"urn:cite:hmt:vaimg.VA252RN-0423@0.7165,0.2291,0.0072,0.0091",
